Amount,Hour,Distance,Is_International,Class
46.92680899768591,14,7.250082520454396,0,0
301.0121430917521,11,25.181570465176467,0,0
131.67456935454493,15,6.870925129207896,0,0
91.29425537759532,23,48.48263265360235,0,0
16.962487046234628,18,19.066651133282804,0,0
16.959629191460518,7,2.3383868383943187,0,0
5.983876860868068,20,26.677994605888543,0,0
201.12308644799396,16,1.2371277950994295,0,0
91.90821536272645,22,17.007295740107256,0,0
123.12500617045903,4,4.790416186670972,0,0
2.0799307999138623,21,21.03523768243236,0,0
350.3557475158312,15,20.253829191556267,0,0
178.6429543354675,5,16.395126583574473,0,0
23.8687625248947,7,15.607926935642611,0,0
20.067898874966335,17,3.6338186959178675,0,0
20.261142283225706,11,0.8438132920074947,0,0
36.27537294604771,14,5.158049647422996,0,0
74.39278308608544,8,1.9058502336665755,0,0
56.55370667803366,12,11.87283150977474,0,0
34.42229925539415,14,4.248004262131063,0,0
94.63708738997987,9,37.13590302127083,0,0
15.023452872733866,15,10.243551145361243,0,0
34.551551200240226,6,17.286751754099377,0,0
45.6277218220847,16,1.4216820876655945,0,0
60.893468785977504,22,19.80606543336451,0,0
153.7936011030912,20,25.608014486161327,0,0
22.273586212869027,21,6.676001405482493,0,0
72.20291550331277,6,9.320465498249906,0,0
89.75047213097605,13,14.473607343318378,0,0
4.756384975640855,14,1.921763084545793,0,0
93.533302064961,20,6.982925482163945,0,0
18.696125197741644,6,5.085998156695678,0,0
6.726393087930424,8,1.5826211104526102,0,0
297.3687793506931,18,4.5812948245673155,1,0
337.06303424611724,15,0.7060736270411021,0,0
165.23315728128767,7,0.26150879968812646,0,0
36.32878599687583,17,1.4521803232856358,0,0
10.277731500250624,22,32.999533399771074,0,0
115.27507630986618,17,7.974627665581229,0,0
58.009084258539836,19,33.76177831884106,0,0
13.015223395444863,6,5.665107910082499,1,0
68.35472281341501,2,3.736992283307041,0,0
3.4993721443479084,17,7.055069747772997,0,0
240.04228873930236,9,5.789468906265483,0,0
29.94577768406861,6,1.1167450059839192,0,0
108.62557985649804,16,10.239492043974927,0,0
37.354658165762366,13,2.4339496199833066,0,0
73.41108959092286,23,9.665002845057638,0,0
79.12237979817975,2,10.503968393246197,0,0
20.438859950790576,11,1.6490395155444642,0,0
349.28071327362267,12,0.6331220895053138,0,0
149.22453771381407,1,15.175954932239302,0,0
280.50944192915824,2,6.158166220913863,0,0
225.21519975341965,4,0.5992390010381585,0,0
91.1054412383275,10,52.719319767366656,0,0
254.9435379269405,7,0.5951708142442368,0,0
9.265545895311563,22,11.875590135001513,1,0
21.813469463126744,22,41.15298077656953,0,0
4.628196568683196,11,2.7335861695714705,0,0
39.35320868030868,6,1.5344186123358494,0,0
49.21302917942186,14,1.2940840602400936,0,0
31.65604432088257,23,3.613647059411098,0,0
176.45578652409338,16,1.0652320355156149,0,0
44.12269995298701,3,11.781794699281834,0,0
32.98028401342492,21,0.6431646379952709,0,0
78.2407083207746,12,7.121712524346369,0,0
15.189814782062886,17,57.12879886799935,0,0
162.04835957747312,0,16.818487766767156,0,0
7.747586881130901,15,9.550820766198736,0,0
433.41463395873194,12,3.656488330869853,0,0
147.94837762415114,9,9.778891428190237,0,0
22.153944050588596,11,7.487475558795342,0,0
0.5537420375935475,1,5.552711613166958,1,0
168.9896777486126,22,1.4007892586034512,1,0
122.70959073870446,2,21.768710598120474,0,0
130.5662908787999,9,5.974455297927822,1,0
147.52145260435134,1,2.164441820614136,0,0
7.692926551379635,22,4.584851833829353,1,0
44.38926724162325,12,5.34656934620134,0,0
12.315010460444965,12,17.575777510905333,0,0
198.85295716582226,17,13.228103228592783,0,0
97.63011917123741,2,14.666583261701918,0,0
40.1818801251301,6,0.11092560021533862,0,0
6.566806580478289,13,5.381180264409754,0,0
37.24883504103537,19,6.565147210381607,0,0
39.331421318413135,16,0.19378839466446302,0,0
130.7875783957741,20,3.008527040218263,0,0
101.488935892602,11,14.28324681714378,0,0
218.22519124015147,15,1.4746771733388928,0,0
63.90661333763098,23,7.663850452648582,0,0
12.73723936155019,11,2.4232875607689377,0,0
124.91263443165994,14,0.1219483024877762,0,0
143.0392753076864,9,2.7601896185029933,0,0
82.38874948858287,6,37.24455023142878,1,0
147.38899667213644,19,16.171531579615472,0,0
68.0814731510278,4,32.08347550191233,0,0
73.9678838777267,0,6.69145624111168,0,0
55.781419390842736,16,1.1623745419519251,0,0
2.574777399011373,2,7.939834770016945,0,0
11.416743519186584,12,6.058276310869285,0,0
3.1933681293053824,13,18.60190887399809,0,0
101.17295509275495,23,1.0323231608662382,0,0
37.73967087950999,17,6.699017356298462,0,0
71.04371771341901,3,1.6257618371792446,0,0
238.12655298459754,17,3.9256259501370443,1,0
28.673882298329833,4,13.369598780247909,0,0
52.82819748826726,15,6.462981932916177,0,0
140.87491475385835,0,4.714258964215926,0,0
25.980515691739402,20,5.016615401585782,0,0
8.010427855017637,13,6.151621609169232,0,0
34.21403038870571,14,15.37194201894464,0,0
17.580835850006284,8,22.264085163237468,0,0
265.4950085880625,14,31.085580630223,0,0
165.08870804845694,16,15.460096304556977,0,0
100.34941905205311,23,3.7893062560405126,0,0
205.1519730520813,3,11.651839346810204,0,0
162.79689407405564,11,5.755474933648939,0,0
20.649547635863907,4,2.9392904024897772,0,0
223.0813405235561,4,18.380437261905783,0,0
77.5099901966172,10,0.39184116743756053,0,0
164.73482913035662,5,23.203620930403723,0,0
226.42426492862313,6,6.189259348392796,1,0
38.27307164183185,23,10.139076313345575,0,0
11.659216012385084,13,10.769112357162623,0,0
25.868674613938136,23,22.549168980590206,0,0
55.70576927486144,10,10.124428920042712,1,0
170.3829726638945,12,9.517458641108721,0,0
197.13449718798333,1,0.689772007819054,1,0
0.6976409181650647,6,7.306580419892182,1,0
71.48761593385558,19,1.6271777375662149,0,0
54.02733209186713,3,13.37251919142745,1,0
25.11673382758245,7,7.178947323254283,0,0
12.768039154564681,19,11.401463466715082,0,0
41.190857986243245,21,0.42566119416354353,0,0
286.31211226911495,20,0.8860393466847853,0,0
39.03838028814744,18,12.599203799829265,0,0
73.1452805760152,12,0.7481442963462634,0,0
121.40869768808548,13,0.7392292686901208,1,0
45.197449896696234,9,0.1218238000979597,0,0
356.77981382916994,10,31.350264862197893,0,0
328.2009864541398,1,13.375360430156608,1,0
29.006129499220528,8,4.357976357336992,1,0
68.76592784638473,16,3.5173798123009883,1,0
35.79304600790468,2,4.303264506668801,0,0
33.52496763810817,23,14.901161997316503,1,0
3.758447776552253,5,10.828490176285033,0,0
94.04920709825932,4,2.0480715510999965,0,0
69.85196328296385,4,1.912928814550219,0,0
5.285108738039248,21,1.035794911943395,0,0
32.662592101036935,14,10.797004100335128,0,0
238.88609510893403,22,14.455037992237159,0,0
27.386055214207705,16,3.079479495535903,0,0
15.653086098546975,8,0.21167418451615128,0,0
67.22721094736363,2,0.8574490745693609,0,0
424.40369826152596,19,34.37655002837343,0,0
27.71448135597262,16,3.5018856530362537,0,0
111.51550102972934,9,14.663040433040202,0,0
143.3887626239463,2,9.79932505488038,0,0
27.133317233580577,17,4.811691558293258,0,0
130.2748928492316,17,2.3027801895590354,1,0
45.8522799264304,16,1.2941008905710116,0,0
100.05037477317713,23,9.545456284794806,0,0
100.38378271376382,2,14.900285583409175,0,0
76.73852499523488,2,10.325556335637089,0,0
9.462915881162095,5,7.556656276864723,0,0
180.3644794246297,12,0.4285658730910904,0,0
38.68102936673966,23,34.57411529753554,0,0
20.643210660755653,14,16.030294488443598,0,0
4.1629759794345205,8,3.464729286376472,0,0
89.37784045945834,3,39.10540572717218,0,0
113.18517342673489,13,9.2100580446948,0,0
1.672694755847062,4,8.732855020448504,0,0
71.76305845494883,1,13.786166282050145,0,0
25.682414705495766,10,16.70089533843877,0,0
103.61243415476919,8,10.685058907480496,1,0
19.160422253913374,23,1.3707566198038497,1,0
117.4212527567719,2,4.128938923155083,0,0
48.89587009811018,8,26.32251506424206,0,0
276.0343817804307,2,2.543963878709439,0,0
14.794441343927895,1,4.654811094126797,0,0
41.713243399517175,11,5.6576922671873096,0,0
12.044428503699642,9,5.78756540923333,1,0
258.61903971507235,8,9.491744805522318,1,0
209.8333707160994,14,28.660353837801956,0,0
29.83273700614889,7,2.7534872427418646,0,0
107.87627390439145,4,1.2954093800495234,0,0
169.94840726392212,10,2.1998665189386477,0,0
81.01323606865081,1,21.79703081100552,0,0
75.42794101939461,23,10.379240810762278,0,0
27.687704543790314,14,3.367417778790184,0,0
9.772614047494073,5,16.925311877747205,0,0
227.51232251945228,7,19.759467391996953,0,0
230.67744276484268,4,18.741481279810756,1,0
100.26699194828848,15,25.12399543274232,0,0
41.40465098113239,17,2.906745724146154,0,0
42.95676158116439,5,14.066682208230555,0,0
129.4465429727118,4,6.171857078521143,0,0
227.40973491072523,15,18.451510870734516,0,0
218.1132569396613,12,13.037588019347568,0,0
151.3562191930903,4,14.981087538655927,0,0
102.7310693567705,12,10.675841906842091,0,0
8.789172619608406,16,1.9532019762394586,1,0
17.62942146834115,17,7.875170241922046,0,0
228.82305001775057,7,41.77926595016945,0,0
93.24939469655895,12,27.707993880074326,0,0
0.9239605610994409,18,0.4413344611758607,0,0
10.699690143594932,2,1.8010180115075491,0,0
108.9162387290241,23,1.4125114015268525,0,0
0.5074437051797003,7,12.94553854060387,0,0
17.531581610419906,1,17.025697806958462,0,0
79.56978461389316,7,2.4017700835005287,1,0
117.73152866548126,12,7.04921613839529,0,0
105.54414821352486,12,18.369850704778038,0,0
25.39498673080245,0,13.197636186471764,0,0
124.54172888985389,5,7.8140414495379495,0,0
27.082375905280593,23,8.924465045700323,0,0
39.363490891808446,18,7.10009650068406,0,0
137.23575516657905,15,3.531788500016205,0,0
104.87738143027681,7,8.324598074681555,0,0
189.1956077463401,0,11.675936310968124,0,0
107.18132881697625,15,20.661140751074527,0,0
84.00443055872574,8,10.114021548748545,0,0
9.835706144841048,12,14.318003795855258,0,0
45.84163072070201,10,1.7443867048912378,0,0
30.816014785883116,12,6.19074518666376,1,0
27.970020366242128,20,0.09375432164456157,0,0
361.23094061629257,9,2.832636673578669,0,0
49.938749704002376,3,12.963136856112857,0,0
222.6055211248523,5,48.048354408861385,0,0
99.73343857364831,6,1.0444770971109276,0,0
158.38252526883997,4,5.133192567214193,0,0
69.84353243887705,10,16.097928189017484,0,0
86.0155902641585,12,2.2820086126156376,0,0
67.82934333416935,18,8.098719123476156,0,0
21.72148953252385,22,13.207736825681355,0,0
128.1761803065804,9,9.570748371647657,0,0
32.957736836626296,9,2.0828540063345007,0,0
2.4616481080688613,10,4.391013705229907,0,0
103.69687862952739,20,15.315133748939875,0,0
19.493357022482268,6,8.079443351961764,0,0
282.1083147273303,17,0.05243335834244976,0,0
307.75624127880235,3,14.312530668276239,0,0
246.35098846338414,1,0.359498773115542,0,0
46.228739649736674,13,13.69373461353044,0,0
1.5577315371944382,12,2.2624906865187215,0,0
263.552345733189,11,31.718367195597857,1,0
55.89382770530613,6,4.587721412896034,0,0
340.0842016122056,1,3.9590834430335637,0,0
331.37354761302055,12,1.6121160833511892,0,0
191.7387017179419,13,3.6471318634885725,0,0
34.87760681721603,16,20.92735612176639,0,0
48.62919320986936,8,56.08746230709056,0,0
190.47266524780798,16,4.593557682687801,1,0
38.11462314307171,7,5.953140605103695,0,0
18.57186162957548,1,12.803893712449097,0,0
81.37369920602278,23,21.73275679463014,0,0
275.1293470807042,12,8.990510286786167,0,0
119.08255977579371,2,4.968005994559315,0,0
84.41123364356555,15,5.320864431503373,0,0
10.222819734932289,5,11.894722687558444,0,0
95.45307155177177,18,0.03223453352234625,0,0
461.05697478463173,6,9.665039188925853,0,0
15.092058664226416,9,4.392696117297495,0,0
73.04953249815037,8,15.808374881107959,0,0
209.86086379007943,1,0.9760250898985603,1,0
135.003424835367,14,8.872229893778368,0,0
119.4074425301673,4,6.557991618936114,1,0
121.22875562244899,21,10.281319964746448,0,0
44.549234231494914,3,0.6705217851068186,0,0
34.75620842670952,19,8.674619670881443,0,0
165.73745072597123,3,8.243603206028805,0,0
166.13281990870288,17,8.22481893100684,0,0
201.7950047367915,3,9.250481327074118,0,0
244.46159618366363,16,11.28457057823754,0,0
71.60932369329038,11,16.346993101159928,0,0
69.61843775511993,21,3.144651861262493,0,0
160.09499323084876,16,17.43251688811231,0,0
104.97190748878002,9,6.896646162596095,1,0
121.0550648511517,21,0.8018918746336913,0,0
158.86194749542048,0,0.6033502607505761,0,0
220.7323476346767,21,4.0682350836025485,0,0
41.24824071376542,23,15.366381893970082,0,0
47.09367887275563,17,12.299093840207842,0,0
9.869603918736056,17,15.540739964735977,0,0
86.34140266094347,13,7.282958332151881,0,0
3.6604104210857,14,5.801739118979032,0,0
62.66069481821096,11,1.5952638422688283,0,0
78.2294585687126,3,3.9778381533236526,0,0
33.76306603145225,2,5.6919541721923315,1,0
89.36325301461753,19,0.9277387160256173,0,0
3.0975062101474546,11,2.49246221980613,0,0
3.806349928278938,6,9.118637804587609,0,0
172.93513695381358,10,13.305309069097008,0,0
44.65850242077447,0,64.05472880634143,1,1
13.588904129742799,5,27.047556044043155,0,0
73.86535882790156,14,10.288023098028724,0,0
146.96479404457352,14,5.468813099485978,0,0
24.311800342990335,18,10.110887957798544,0,0
97.52196186564929,10,15.401526347430927,0,0
8.921102898989728,22,1.2594446448603402,0,0
5.306509591030941,1,5.274715511697289,0,0
75.7908940625521,13,18.313465118380307,0,0
77.79104426947421,1,4.842371702849132,1,0
101.4537448204616,3,8.48333696210045,0,0
129.49605629166842,16,8.86172282531739,0,0
372.3557008699993,2,2.039247379503509,0,0
72.62911192303562,12,4.497860945489304,0,0
39.00197141059788,8,4.072336040886349,1,0
158.56539797326863,6,0.26545955214669614,0,0
31.585146543613728,14,0.24489191270530317,0,0
57.798343127330135,22,17.819896121391395,0,0
8.17051685836699,10,3.1892620643003506,0,0
2.5677609541474378,19,7.299745937185206,0,0
328.7379923268602,1,3.5485599007989306,0,0
180.77676421150625,14,28.24796036158523,0,0
119.06427327993416,13,3.001552182005943,0,0
52.58596444651419,19,5.615170164185904,0,0
19.030653614210873,21,20.61446433115593,0,0
17.012074157285415,10,18.447398709821282,1,0
28.80059891265836,2,2.0591951269056197,0,0
79.67906483133146,16,16.227425772487937,0,0
125.38492877767757,11,6.128341464824549,0,0
107.93903496967985,23,6.596521975537925,0,0
32.84122613889959,20,1.4327005689790264,0,0
309.81034985563065,14,0.8403564207332337,1,0
133.90174048752263,15,13.017301014514391,0,0
80.82304819313313,4,6.8609441459685,0,0
94.6030472037435,19,5.742105041411313,0,0
54.40378655320514,5,13.075136013150379,0,0
28.466129227406352,18,14.503546989673852,0,0
44.00141293231124,4,1.7305443076039948,0,0
141.8181847756713,2,9.42186012916847,0,0
1.4498079720804276,0,1.4543519952787474,0,0
12.338039223997605,5,13.918098878273495,0,0
4.709437695252053,14,10.698941006159439,0,0
4.1581451917292425,1,31.376327859603244,0,0
193.42030336156586,2,0.7145090750853228,0,0
121.62406117006883,16,0.5874702682483747,0,0
64.27845944128924,23,3.3154629359486405,0,0
10.295691844781325,11,3.034127313563832,0,0
67.65179657972332,17,2.8366189629572727,0,0
64.14503320943712,14,23.671724742163093,0,0
19.019471280022497,11,2.8707718856360662,0,0
56.88991313023239,15,3.1738517565419477,0,0
50.83366145832069,7,14.24612253597161,0,0
95.67224329131345,13,5.973640988650571,1,0
100.81145360409121,16,14.992863982584597,0,0
4.636232402053473,20,0.6760043876192516,0,0
46.938400465506156,7,6.685934921037368,0,0
98.31249947827285,14,0.3419152493794983,0,0
69.94394526077897,13,0.6470195151063192,0,0
194.13494531754387,17,23.691251181454838,0,0
107.49747640549978,19,1.4994579904644503,0,0
17.785286876730733,6,7.601862810622099,0,0
7.318243625624084,2,5.294914219185614,0,0
102.83941471088912,11,4.267040555945366,0,0
2.6869072667394427,20,23.009199370088268,0,0
88.13473778072907,23,0.2206504935500153,0,0
281.7255455387152,2,10.900183808326895,0,0
85.67824455775444,19,33.07554979468367,0,0
49.13006922239072,13,8.21362860280852,0,0
103.08271578449819,14,27.61806452919119,0,0
61.29559740510913,13,0.5367283829582405,0,0
78.88143605763202,6,5.426488522972961,0,0
283.81271462329994,16,3.0131834655068874,0,0
48.792752735018716,11,13.123785630731405,1,0
324.9091861506754,19,39.79076178841682,0,0
235.75761837699193,3,2.964269475836514,0,0
21.789626094045,8,10.618212598300316,0,0
7.188415530315702,5,2.2076841513427965,0,0
10.622533548163021,15,8.331687421479582,0,0
1.8389887847233704,21,6.234951681723219,0,0
9.920501165575415,21,35.75741130908115,0,0
114.88748725771671,20,9.378394280377334,0,0
7.384962694642702,20,4.300237767529106,0,0
38.41571882948685,1,1.2114644357562017,0,0
186.3526040097277,23,1.639868637214363,1,0
2.354700318071151,7,2.553012751408823,0,0
168.45305061859585,10,2.889717855613698,0,0
33.10834668396295,12,19.012354942631106,0,0
12.575011982910764,16,8.237634851167945,1,0
119.31554084399134,7,7.410586447854435,0,0
99.13991764332202,20,1.219065063412979,0,0
209.94158140869467,17,19.671111641550873,0,0
132.82935787644004,17,12.830676118738607,0,0
162.69958059939782,13,0.7006669271951631,0,0
33.13338623067386,14,12.304369006024542,0,0
19.533329604044695,5,7.842503006173839,0,0
138.87563960054248,10,0.8525874546966827,0,0
164.42091832434195,12,6.130441206067024,0,0
465.70048901402305,0,6.62998818414935,0,0
53.2079354152605,5,1.8125157762181645,0,0
46.52439119617327,8,29.13196927399496,0,0
149.7954503343587,7,18.96955808234685,0,0
41.67336709307531,10,11.05704390260218,1,0
267.0137924399326,21,6.204462396688857,0,0
195.48391571662492,18,5.306296717568441,0,0
56.035560944215966,23,10.526073343140585,0,0
138.97847164954612,8,7.8840747430379245,1,0
140.4632986855017,16,0.6429653002712655,0,0
10.883751880671802,11,7.184704219340354,0,0
232.8445680867632,13,16.419797883681323,0,0
70.37074897567544,14,6.1477949513223,0,0
175.133255752333,15,0.5335497350844933,0,0
38.57354261645083,21,15.43080106811237,0,0
225.87905145459263,21,2.2484973368587404,0,0
49.29884540601712,19,2.9924309074837026,1,0
1.0896806615175478,0,1.7997194341740164,0,0
235.79072969624536,9,4.007986104717142,0,0
9.572561054847526,7,14.136717478165162,0,0
38.46536333850389,17,7.326905335240429,0,0
299.69723831882857,0,2.2926383478708843,0,0
300.79495401039895,1,21.02342401265488,0,0
85.19972910552637,0,21.167850510798342,0,0
99.92300803905246,0,20.446801801024364,0,0
59.50146636228576,8,2.728541664069208,1,0
34.7022778746197,12,6.00092896432293,0,0
39.84863345503897,0,41.99015724929951,0,0
111.63235799285063,12,14.784643721827786,1,0
139.58378736630772,19,0.27543278636881524,0,0
156.81954162211485,21,0.6742758781911051,0,0
155.88310318487416,6,6.234930977710629,0,0
9.563694654031945,1,23.99318549653681,0,0
68.20495965733559,5,7.737105860039205,0,0
5.928170644873779,6,6.88781739048892,0,0
79.74613156953929,13,1.1146097451660444,0,0
58.255527498728355,17,10.693839431309623,0,0
218.66186642208012,14,17.265514506301997,0,0
43.21916194678851,1,4.787134619671843,0,0
12.450597755245086,9,14.943779183383716,0,0
15.430765454211937,22,33.37565162052098,1,0
143.34305470790937,11,2.278627431134131,0,0
96.2905679748035,16,7.4093007770213575,0,0
10.660871224538544,7,3.384673668890539,0,0
8.785552166860509,10,15.743334432174741,0,0
120.72084716530998,2,8.617868409396449,1,0
7.554608952579714,5,10.067145178332758,0,0
172.51858538085813,8,15.990627194510662,0,0
122.4999753130005,5,5.041321959217804,0,0
8.484875058031207,8,24.661642126129657,0,0
8.86538677778067,6,7.614878374553812,0,0
431.54585620580923,8,1.7192161158931838,1,0
46.883758255228955,17,11.90395784496388,0,0
46.305526047531245,11,15.762998459239547,0,0
167.55754032826772,7,3.809115447957103,0,0
294.21645379632434,7,19.46164980513362,0,0
426.8773939601984,17,23.659856460311666,0,0
139.98992301163418,19,3.2421395957046437,0,0
47.202099961912566,14,41.05697122281739,0,0
8.719399369795726,6,1.5165059038050552,0,0
150.12425404546258,10,2.256663163146758,0,0
81.7360407561493,19,2.036165002675717,0,0
55.20331253049737,15,22.442191141841327,0,0
236.82376754780904,3,10.621623885347034,0,0
11.788020797188024,5,1.6499762625030379,0,0
67.85051093729543,21,5.803961948898719,0,0
1.1418589432541668,2,9.552863355479618,0,0
63.235436958292624,8,0.8715402533365735,0,0
5.795043106592577,9,21.406054403422733,0,0
12.649099593117121,13,16.27619884453608,0,0
12.502623200745628,10,7.036153280818361,0,0
104.75683864069715,17,34.150919230500875,0,0
137.05977175964728,21,5.408742270293948,0,0
87.55537772028686,11,41.42085376451174,0,0
327.4720209102377,22,11.02379371634689,0,0
46.97965779202672,11,10.069577094935209,0,0
33.646915742055874,12,1.8146779570663476,0,0
202.95025381702297,12,21.364586240880556,1,0
25.308206773185336,18,5.577245313502253,0,0
330.2870106251911,18,1.770157444826844,0,0
1.2228944358969307,22,0.12687669122935624,0,0
350.25269228794815,13,8.204254417138756,1,0
4.4118998618501895,3,7.495051146585031,0,0
221.77212291600088,12,12.70659844747094,0,0
75.01432503493903,7,22.096236057354282,0,0
495.68286079260326,22,0.827368001805495,0,0
7.666137595445494,20,13.148912937605925,0,0
80.71096637333488,22,2.0753099415526917,0,0
348.3575221256005,18,19.531758525685582,0,0
74.0443933181044,11,17.096092146110045,0,0
99.26282903811874,17,7.782558342991005,1,0
118.99012381167742,5,12.387119433120626,0,0
60.61277556769509,17,3.773881506113965,0,0
98.76741730080221,18,6.370842867894616,0,0
87.78258618057556,21,17.239339059589625,0,0
231.42327694826474,4,6.148263184240825,0,0
4.6511461743480975,23,4.428527961865562,0,0
32.98427258987584,8,6.816385540848643,0,0
300.39960058609313,2,17.61710995267424,0,0
220.9675828453486,9,4.082811404643337,0,0
60.817526195962,18,1.908719189412956,0,0
96.79330287389773,2,12.448434817352837,0,0
32.48734198951301,21,17.485747732848978,0,0
20.84041614360645,14,1.0606907609808842,0,0
62.305859880409876,0,2.742712183081353,0,0
43.595353461673334,6,1.5311853406083515,1,0
87.6243706006643,11,4.276208615560561,0,0
8.09222844331848,16,5.984753479202122,0,0
366.4960122522567,20,13.816106944838227,0,0
428.38655755525383,23,10.531063255355015,0,0
119.78638819127893,19,9.70030615348931,0,0
76.80784344120899,4,4.34443371406971,0,0
37.037930155436,3,18.416698450343084,0,0
168.09071674879968,11,6.373098440439261,0,0
115.43295836488157,19,38.68242416594891,0,0
17.747365410048836,23,10.055103770097727,1,0
241.83010919991276,17,1.3497785718102526,0,0
172.89945113672715,16,11.275599445107554,0,0
299.1738525033436,18,3.931966969196102,0,0
129.36040041961343,8,11.594048640248865,0,0
95.04040195913728,3,0.7218490506954433,0,0
54.170250659311336,20,1.9222819045912152,0,0
269.9018361547118,1,19.361190510181302,0,0
201.039238004692,3,2.577085433067849,0,0
4.627293865312279,1,18.14257412112832,0,0
2.6720816866511363,14,3.274991393787473,0,0
47.234776158326284,1,10.29688767750235,0,0
166.36477229960863,3,11.846623684296386,0,0
436.4275468220168,5,7.187824812885495,0,0
16.30095099344797,6,3.642905501889821,0,0
90.17241302157358,9,2.390752601646858,0,0
47.947369975809615,18,0.3375261921056072,0,0
350.3708554375963,18,3.623286119012093,0,0
184.59132074336347,21,10.5889974609222,0,0
182.21900464698572,11,27.85549445909374,0,0
63.24155711397735,2,20.495292660963994,0,0
53.5834936327349,12,14.52711024747378,0,0
31.93888921500612,17,15.532813434137013,0,0
5.802696384483622,7,10.935796839216732,0,0
200.04261400033104,20,3.0149281329727016,0,0
167.61174392499228,14,23.772550921950906,1,0
817.2445597818082,0,11.108842174200689,1,0
569.4873400744333,2,8.219824878863804,0,0
81.0651592641394,7,1.1764619788426465,0,0
146.52830902062607,3,5.924977233839371,0,0
289.6171682874436,15,6.168498248029955,1,0
189.47720147092457,22,19.992531918569643,0,0
28.415244458114653,9,7.910868989857644,0,0
59.88268273998645,11,4.786820564475785,0,0
13.829634431308865,13,37.63617160352339,0,0
308.0223786441709,13,1.1734379962675852,0,0
93.18477025886182,1,5.49130698651335,0,0
25.96037254184837,22,0.4293325830688141,0,0
111.38295391732503,4,13.467049496631457,0,0
96.26704347430717,4,25.01970031163878,0,0
44.342046229710604,5,3.2855591491401936,0,0
12.053912139846927,12,19.543372955128294,0,0
111.34412835191021,8,3.4561946791829934,0,0
73.46104241860377,21,24.165397846139708,0,0
147.9807080960515,14,14.022688916121695,0,0
73.4309860423515,13,16.342777671764384,0,0
191.1770111308484,23,0.18170646414164462,0,0
80.27541190214875,6,32.91724972436397,0,0
82.31145809801471,19,12.970790521646832,0,0
209.27586432297716,1,3.6348536139772296,0,0
51.6647313988117,6,17.684023716049076,0,0
14.388795539029894,5,3.3061907760731915,0,0
2.920502143209468,16,20.616317974144167,0,0
140.70574526625856,1,1.194373424810942,0,0
96.83989670606796,2,12.163355000441866,0,0
121.76653477978765,4,7.780483709672553,0,0
23.948149349344348,4,1.0151732152650952,0,0
14.661255122827866,0,2.7693183488830138,0,0
1.4651476265668781,7,0.1248160847502802,0,0
43.168726151506924,11,6.325563766602819,0,0
89.13973756649446,23,3.5848409483719443,0,0
49.79818675611507,3,9.12192850415572,0,0
57.53195628284312,12,3.527367199452367,0,0
234.50615229814414,22,3.565593956246741,0,0
42.81026144251117,14,13.594312228270262,0,0
72.15250280723211,10,0.49340293239955363,0,0
153.08717377197016,9,23.319623621911788,0,0
50.50801312991797,2,19.123275316140763,0,0
97.30904753530854,21,11.02032179513412,0,0
198.31406436843068,13,8.994866400763401,0,0
298.6190415374668,15,22.284288904430557,0,0
15.908187931483598,9,2.0497237608398877,1,0
261.1662763042079,9,0.8226176032410242,0,0
67.75027809955306,11,2.737925400343189,0,0
29.873545435139576,8,15.82690235862734,0,0
61.45869673706975,0,0.35285543495326505,0,0
391.36530975805914,4,8.74205939219567,0,0
67.84912926673597,19,53.89888108860084,0,0
39.86160321004998,7,19.35833743835769,0,0
100.34862739576596,10,7.369855720088178,0,0
27.462846771560294,11,0.6575623215253151,0,0
7.889530497623504,0,17.800691543267394,0,0
13.797521971241586,21,9.137402575437054,0,0
13.701842406700711,19,1.2209192730281728,0,0
16.475990155667297,10,0.985584630744615,0,0
14.946006606751656,4,24.038077307843388,0,0
102.40840510758065,14,11.06242110688051,0,0
20.074635703448163,4,17.677703195224048,0,0
42.413931579480526,11,21.117903707549416,0,0
227.09741251283577,4,8.481003370649201,0,0
64.23811416465936,16,7.286631763115787,0,0
110.12890836523806,16,5.628690420945743,0,0
18.91285171132165,23,3.8118222011338316,0,0
21.355098099509505,11,5.702146898831338,0,0
4.17272127175653,23,14.86687924666726,0,0
18.504734406558086,14,9.211109078171102,0,0
32.65481186311455,14,22.30481105629336,0,0
19.481181748310796,5,5.85872523921944,0,0
9.288590786036757,11,9.341736287652889,0,0
12.855621349335253,19,9.977924596909265,0,0
61.76293433653791,17,8.957461306595128,0,0
23.109220634509658,13,12.127908125529778,0,0
45.29811155109185,1,2.7106551971661275,0,0
70.00051847143304,8,7.181855969024139,0,0
117.24574340125422,4,1.1006579347833083,0,0
4.010573010001543,19,4.8533873749905965,0,0
160.64942438261195,0,6.687806086687532,0,0
98.85936903672963,22,10.561974309192884,0,0
8.529543037633426,2,30.06410131231943,0,0
206.81346984880906,5,9.179197243331002,0,0
253.6693546378928,4,13.60992826356592,0,0
6.30228275601634,20,7.0575848885567725,0,0
32.41768431286508,4,10.054062247174016,0,0
164.09351832266427,0,0.7357357849613004,0,0
137.93572402143084,16,2.935547238851391,0,0
20.397963206180048,18,4.491867607094905,0,0
23.489903118153325,13,6.395938165672087,0,0
46.27851100243697,11,0.4672348400234121,0,0
66.26625646686144,9,1.508509105379972,0,0
96.3001834058552,19,3.2408925410334115,0,0
46.03125630003512,20,35.58998899231591,0,0
62.08911092209176,17,4.02490048644112,0,0
137.62289403898424,23,6.5785930262875105,1,0
3.7372952321478463,10,2.18277550445643,0,0
29.093662188239723,1,9.436107251399159,0,0
124.94918749560257,17,3.294534279114121,0,0
225.57667543306135,6,2.319226985492502,0,0
71.67791122084009,23,7.268541893244206,0,0
75.95295023530689,14,0.05521011937309772,1,0
11.336133854066338,10,0.07693552270400301,0,0
59.314324608355086,17,2.472682368674306,0,0
76.060679905529,22,0.37412565838195827,0,0
27.76928032606533,11,1.1431801916276623,0,0
31.367461187854385,5,4.137906434050309,0,0
47.3664984802472,19,16.224506094256462,0,0
2.0275360750314513,22,8.487457425913128,1,0
38.872476125613574,12,7.188091009880626,0,0
23.755693562362985,19,3.4741625703664742,0,0
39.67492302319827,15,26.84632343586216,0,0
12.756310328478126,17,5.058630265746683,0,0
221.20798999430247,9,0.9112101011657558,0,0
90.03988138795597,22,9.59893976209954,0,0
113.66329578930316,7,1.2085594487066291,0,0
155.67090323777913,17,4.234607774232656,0,0
69.00364218488852,20,7.0808202971974605,0,0
9.093209451745585,0,20.732410022989164,0,0
77.02583632948226,22,6.80322924655953,0,0
88.39230578713736,7,12.115305120925102,0,0
136.82166488084093,5,49.3601574197811,0,0
56.50346493829821,4,1.4097516591598156,0,0
13.648466672931223,14,3.212133830469017,0,0
33.37621802617039,21,5.01826364836475,0,0
45.111482547462344,14,5.47884185521464,0,0
103.82246116218616,1,5.293648774062828,0,0
84.57817212014196,0,23.817473827119144,0,0
44.020675965180615,22,12.518776161694253,0,0
430.6195772169812,22,9.362516676317526,0,0
93.08330084672093,10,3.7015498982939885,0,0
27.079452875679994,9,17.360809938777113,0,0
10.734300462488685,17,31.02438393798156,0,0
16.58882925898259,17,17.214778108650663,0,0
28.230684939514095,16,0.015663312480417482,0,0
17.516487495429402,7,10.117046850671212,0,0
20.64917454545804,14,0.5248914749504456,0,0
33.56058482154465,7,2.9787682322247564,0,0
19.0402433662887,16,0.6136989358196631,0,0
227.07514493559154,11,9.25824668128792,0,0
8.363571259200016,7,11.602427654447604,0,0
74.34123501127027,13,1.21588861456813,0,0
52.830555648930236,3,4.842467961493605,0,0
403.86421660159203,0,6.092408857707893,1,0
11.88273456974049,0,4.605334481187394,0,0
50.72579937424304,18,1.289988236641173,0,0
348.9059664126715,15,5.429146641838808,0,0
200.62440619681547,13,13.910176897280738,0,0
169.86630340361793,20,0.7365479050723611,0,0
29.827508353350463,15,0.8357729556475979,0,0
18.739953278648752,4,4.381504387364304,0,0
110.45595986817835,8,28.42594305527841,0,0
265.0385094959955,1,11.043466388409175,0,0
81.36504219047423,17,11.352865116996828,0,0
84.77275614585865,5,4.492915972898056,0,0
32.847503081065085,8,9.005669785734462,0,0
146.74737584120885,0,0.10182853752543086,0,0
20.707798214607084,8,10.108653099260426,0,0
39.108781311923266,15,24.451508595398124,0,0
55.414455006983054,12,9.482290438928432,1,0
70.84849626446984,8,20.690841132375436,0,0
27.76125835696058,20,12.872567929071607,0,0
12.198327214413544,12,1.2846813702599704,0,0
94.31996574293565,8,23.27424115981774,0,0
34.05633684365418,10,0.687541617901371,0,0
87.04530682924437,3,7.634998458928469,0,0
16.76647527706798,1,1.533110102075156,0,0
65.61213780285276,5,0.11775672614482025,0,0
76.05472481290778,13,5.482406856437376,0,0
5.321465145712133,3,3.4961521919037764,0,0
41.03836013804232,5,6.655329742231592,0,0
14.43493268319316,18,8.608557570924074,1,0
6.5472258772524885,5,0.4472446625591256,0,0
460.1201311395324,1,1.3125204388468148,0,0
38.913002251942025,17,8.178998397282466,0,0
166.00706137698987,12,4.203260161910579,0,0
29.38888342934014,8,13.062768385614582,0,0
114.41413510203515,22,10.563912212517101,0,0
142.80662228282085,18,18.682368994973682,0,0
90.54465941691397,12,11.792568641026975,0,0
63.785664404527175,10,5.619980086040062,0,0
53.075781350537774,0,11.17693041105615,0,0
42.90433017039748,23,3.221095199801293,0,0
265.2556048220781,21,3.657351478809945,0,0
177.5607071141798,6,15.558268158503171,0,0
335.31763894156916,20,5.913481289156754,0,0
13.272854183610555,14,16.013722302693466,0,0
131.25513634605076,0,17.283474342218728,0,0
278.61272652612405,11,19.488508322579456,0,0
19.995580970079768,6,24.84529550993177,0,0
6.881031747249687,14,5.638488706998093,0,0
135.1393153188622,20,3.839974241431472,0,0
85.44271441986697,18,8.727494298500833,0,0
184.4077141321478,0,4.6389818297259,0,0
15.05582464141926,16,9.189797610752633,0,0
158.6050111031868,16,12.227678723694611,0,0
22.517977306702296,2,11.660510706740872,0,0
17.8715198965518,11,4.692885042407799,0,0
17.94446565599507,5,1.8255382580481638,0,0
168.51032825640087,10,5.63048013597861,0,0
109.42136390159689,2,1.5384389498610052,0,0
74.03759563460443,7,22.081574405370667,1,0
44.44614016780682,13,4.2446057617394,1,0
209.72026672943323,13,1.677795035251999,0,0
49.83127496974449,9,0.2577715439667666,0,0
169.60826628480697,1,10.379567580206073,0,0
57.827488111388035,13,10.1308338299682,0,0
47.311956581773714,8,4.164312671107416,0,0
62.11610598996026,2,0.7441312977627452,0,0
35.864527543064206,20,5.270039481117462,1,0
137.67773129369394,7,3.728297255282833,0,0
69.8602815695596,15,11.304765231587016,0,0
26.424253099706522,1,9.308442460058355,0,0
229.83398495505836,5,4.534906865588917,0,0
48.43317423587113,20,2.457631492242483,1,0
78.42823821777635,11,44.2585030936453,0,0
236.94956087096264,4,6.0513927246529375,0,0
97.87993038573308,1,11.656314385193248,0,0
12.431461585777976,15,1.5146608209468253,0,0
281.0616683932209,4,6.647340822689206,0,0
98.80769289348262,14,0.2792296242292531,0,0
40.78263155513094,11,7.0411736947070205,0,0
14.997682061642582,3,33.24719988512149,0,0
158.0001395680267,14,4.8484394479474195,0,0
96.77755075628524,10,0.39776720774783136,0,0
76.24138580490282,15,0.31445044725836535,0,0
224.33033305364455,22,4.910013626300815,0,0
155.3990013696072,5,1.7438307385113085,0,0
16.449132012634088,13,0.2362907708120056,0,0
37.35625513958005,17,14.114629041429104,0,0
28.566961854883793,11,6.134547044538153,0,0
136.23680618684116,10,3.414271728293356,0,0
3.410753985783793,12,23.03417269321543,0,0
84.3713556386143,20,1.2345542349786531,0,0
143.74137158597787,22,31.217225481409745,0,0
209.3667344385938,10,3.7682913549052626,0,0
41.867459354509265,22,21.92867135568108,0,0
172.1807963541003,15,9.236751206847723,0,0
11.724388509877734,14,17.52773551376384,1,0
187.37439572116875,20,41.359895960002824,0,0
13.637963052807084,14,3.402469648986117,0,0
50.63146312098643,3,32.47673665959655,0,0
159.600536332649,10,4.934473296916218,0,0
16.242178992041616,18,4.869657232099602,0,0
26.039302244475092,14,4.161021376304796,0,0
128.10430976449055,3,7.795934968938802,1,0
127.30961719916947,20,1.674073799118866,1,0
102.48442087373908,12,8.067896422915673,0,0
118.4001709087617,21,7.802417880895128,0,0
78.24691011956382,18,14.350721383064958,0,0
29.00836992594099,1,17.936610477084535,1,0
42.41831937932634,13,5.806069315450655,1,0
20.040127451653184,3,3.6001372482894665,0,0
239.08761393236517,15,3.002067090421373,0,0
87.56090546365985,20,2.164458271101219,0,0
51.224565947902235,19,0.5937595780838081,0,0
61.99075063211633,13,4.192313984169898,0,0
294.2823736997211,14,3.1505010670516898,0,0
16.646955012850068,2,33.937467824296604,0,0
88.24446091085541,7,8.157868496541154,0,0
70.49944407931773,15,4.266024955171009,0,0
94.53443180030727,9,8.686145236225727,1,0
1.8276180406497236,3,1.4988925750214477,0,0
205.66935225406965,17,5.87065673442903,0,0
268.9988536691252,1,9.841262057820114,0,0
83.27154639433977,16,6.711857709794751,0,0
119.28707405259583,12,5.13794694855752,0,0
255.74693578456262,3,50.91041263942461,0,0
122.83974533925182,10,21.228900002467967,0,0
16.551050912412173,6,9.765874838068079,0,0
85.87021498525603,11,8.425231203811368,0,0
93.3220857034015,9,9.693236433199543,0,0
55.18745039228211,6,2.2478503258578506,0,0
133.3490303883392,12,5.027545216901968,0,0
272.3676885762475,6,0.40259166365760213,0,0
259.78762130541173,23,6.453976290435795,0,0
59.936429630361765,16,7.831256837529745,0,0
12.017870455178418,9,2.5844660545894573,0,0
418.91739891207067,9,33.25037971899776,0,0
182.5718110818443,23,24.01904017398643,0,0
13.31459597170634,3,12.806495335237951,0,0
253.6307940963276,19,7.622542630659325,0,0
203.94239312268633,3,20.399836231826207,0,0
73.15513859686492,21,1.4001216907623093,1,0
89.47137868290748,6,15.63078291428235,0,0
50.916484340901356,21,1.3332662955202386,0,0
5.631814924329379,0,15.809022671741687,0,0
40.82648863007412,11,3.2264289979134264,0,0
162.38079110661786,23,20.96307625950449,0,0
0.4642784066342885,12,28.831555463501637,0,0
40.57138965901687,9,1.6110342521460956,1,0
50.77780948546782,14,6.211532794591166,0,0
77.08830241238817,12,39.62652213142971,0,0
252.39254761530415,22,6.605007924873812,0,0
42.51771108907901,21,19.917788752652125,0,0
42.610648595849526,21,8.885090469242499,0,0
133.75089516655657,20,4.705316212803642,0,0
60.18777734923394,21,3.3656921906007593,0,0
25.43824737027254,8,2.271805529083864,0,0
60.22823505761551,8,14.346370292169555,0,0
15.181992193138704,14,4.886410428023759,0,0
19.405450320809674,9,7.159562656140621,0,0
68.98880428028177,23,6.779147454089091,0,0
54.2876216256007,9,8.610429611735501,0,0
246.32927352528128,7,20.06764817913147,0,0
45.00345830397283,23,39.49690791335683,0,0
86.8902383785272,15,5.2354654024866685,0,0
100.0390772517848,16,17.574677418973533,0,0
1.3180944825659227,4,14.461623965025863,0,0
108.9268197035989,3,8.522107958446627,1,0
19.60586401992482,17,31.246376651979347,0,0
324.59982722724266,23,2.2373687170445016,0,0
16.09469043101801,18,1.157074278197645,0,0
53.55011145366069,3,19.238881908927862,1,0
8.921343765050313,6,5.7830146194747645,0,0
576.8081615150759,9,18.771138110325932,0,0
69.75468656582261,17,22.35769839287117,0,0
90.48193240889458,18,0.644932886875834,0,0
6.943205082825417,3,21.49561588070323,0,0
138.61362552159991,9,5.9478539866842475,1,0
23.56028382502632,0,7.142329082461058,0,0
228.33148568116303,22,9.85084992085302,0,0
22.958882816083335,17,26.088739595647755,1,0
21.157042980881585,4,0.19301169365585844,0,0
3.723434185767217,14,6.478745639378233,0,0
63.87857932954639,16,11.638615981336585,0,0
83.20441036761805,2,12.826804175451045,0,0
6.796694017915647,11,11.793856657111078,0,0
149.40025935983724,1,1.4437295559530932,0,0
60.38346502936217,0,3.5581187130977403,0,0
74.31576545925968,22,4.442821224093347,0,0
58.11814717875803,20,16.318737627865215,0,0
51.20982012749214,16,3.26783149176632,0,0
82.01634571378747,21,2.3661509123624853,1,0
16.87030067609555,15,31.57028868950008,0,0
20.08050862086255,4,0.08902797672285237,1,0
197.89493282961402,14,61.28822993904087,0,0
292.0911709264685,2,11.295498544367533,0,0
46.73021874751386,6,17.6299301643837,0,0
31.5731365692666,10,3.490177585049206,0,0
103.28232650944571,9,0.1441872973801152,0,0
52.54895676072463,8,13.389128784347005,0,0
2.571414873264703,13,17.96638936493401,0,0
16.978360329951062,12,13.489066035480942,0,0
125.86832598530455,1,1.541426817102217,0,0
107.56497823175357,2,14.001009236042542,0,0
2.7469857884440096,6,14.650033477280164,0,0
25.0992973866705,20,10.74526247331881,0,0
26.2761578950931,17,14.529297256924131,0,0
111.44147228278518,2,18.702926746788048,0,0
1.9907381292139406,9,9.508928243129304,0,0
10.993605860137281,21,0.9277857239491574,0,0
160.90184272962415,6,6.687039837876222,0,0
19.667770945178535,8,0.8082979657432533,0,0
105.76990889205769,16,5.2347703482533525,0,0
27.20486222089952,10,5.227404730506311,0,0
10.474003348487132,6,0.6828938057355076,0,0
27.861951641144728,23,4.289699972993807,0,0
128.1094813097032,13,1.1765590487807251,0,0
193.58363374539294,18,16.514857100754803,0,0
177.32509999755644,3,29.505299850619984,0,0
50.61424894750884,5,0.7506463373245577,0,0
110.2876778404595,9,31.036562340686856,0,0
22.939341032898078,6,7.3935154938876115,0,0
34.69335886125168,12,3.5605467627860206,0,0
226.65986286309044,13,0.7997662473957208,0,0
1.3087188396285003,3,6.943964967713936,0,0
8.938713963044913,7,15.823848901976179,0,0
23.30502802398152,4,12.278778577836498,0,0
2.6890535224316885,0,0.5153122949604646,0,0
20.020300329027275,3,0.7569582405825248,0,0
87.47687287443667,2,5.156259312160877,0,0
54.71863183678004,8,3.49969609380049,0,0
223.18630208218275,7,2.644660917325595,0,0
170.06959030194784,0,3.299001784555116,0,0
41.8272805169032,5,16.27005031156716,0,0
30.032625214727855,8,26.48292594543428,0,0
47.753980810853776,6,5.193664841775336,0,0
89.23177501433052,3,23.6564206824289,0,0
31.206170981527286,12,3.8786446405724955,0,0
97.85622455470876,16,6.470978859895242,1,0
52.663603927981114,1,2.5622087097278863,0,0
80.30673665148444,4,10.229744619715447,0,0
57.29253950911121,11,38.62333967976322,0,0
34.87999752623331,20,9.25061825810096,0,0
296.52672211522037,7,4.428774286066842,0,0
144.2254503732636,5,10.436056184754838,0,0
15.095449812302085,7,1.3115784425231067,0,0
202.85049277193238,17,21.951584356663062,0,0
66.83203296619165,2,6.993341822032346,0,0
224.95394902897434,21,5.966554119061018,0,0
160.87144539299004,11,8.815627605399603,0,0
55.37566192586073,2,9.80253053151827,0,0
2.272558947754012,21,0.7448198725566497,0,0
31.290054777648667,5,11.4764672952438,0,0
78.00877556797963,1,2.7698176589151045,0,0
100.36973319345364,22,12.515978612695335,0,0
29.825467992893888,11,17.289807139817192,1,0
15.007441883071554,1,16.294289459954793,0,0
180.13870871623917,5,8.040809030749026,0,0
416.06241631872336,16,7.343231800466302,0,0
74.5894546972087,2,1.541726349642509,0,0
18.83548636600739,1,14.931945076374282,0,0
31.787647172893287,22,3.166432691086065,0,0
1.8561887410766007,19,6.865597708997226,0,0
245.6888527693557,7,3.344579966637421,0,0
12.5281043846203,21,1.436721949072962,0,0
85.92406688681558,11,9.930575734759223,0,0
32.02813286027929,3,0.5586375972591637,0,0
80.78355154069853,4,13.808899279180803,0,0
105.3888633986027,12,3.8211993255389656,0,0
177.043919242236,14,0.001347020764026737,0,0
23.120252750453584,22,7.1565691280444526,0,0
1.1056729631697195,15,0.47984992361252177,0,0
14.720807068739052,9,3.231981099097797,0,0
230.27715288531817,22,12.275024255933232,1,0
207.06013520531226,15,0.6474080465882679,1,0
90.98443101964925,11,18.284555642147865,0,0
91.75837185053469,16,0.03827237196396057,0,0
109.37342294075125,15,2.834561730914955,0,0
19.282202863855215,11,13.505568463111041,0,0
245.82095607713015,7,3.801923951197497,0,0
54.260963434631805,19,1.0746538274379351,0,0
48.311079932786846,2,4.46652667564808,0,0
73.1716932622681,15,3.1524963848875602,0,0
4.810466429197722,12,18.49676137137029,0,0
18.186170504927233,22,3.7592754529383976,0,0
133.95390904239633,18,15.555771577313507,0,0
8.642827567184359,7,22.244409077040284,0,0
92.42022189851156,21,5.688386725432963,0,0
28.150003360044078,4,24.073140731611964,0,0
49.31422569251884,19,4.737194105595161,0,0
34.0652191954146,7,33.26416952168716,0,0
43.95484777228535,23,0.9353024181236151,0,0
126.95639866386867,11,11.616136446599883,0,0
35.25715396055509,0,6.808511682311532,0,0
83.56435307057022,20,4.904493137625131,0,0
64.63597866902617,19,10.016086674053277,0,0
108.96659230926784,5,12.169131426351242,0,0
276.1921647512969,21,0.043728164917464125,0,0
131.8905271255043,17,1.82665322371209,0,0
24.19956132440473,7,12.484335312686664,0,0
3.1679678824257844,6,10.977688851674722,0,0
30.416930200558788,0,33.82792941040541,1,0
90.40606518730972,20,14.314498577567406,0,0
5.279527809977468,15,30.113070883768792,0,0
68.59059560261889,11,12.124772028770874,0,0
90.84288399875602,5,3.5389624900326484,0,0
40.683187793810035,19,1.113393782120359,1,0
147.36499591467347,1,15.224525761144807,0,0
11.271891476467799,13,10.33243797452025,0,0
7.811050579224702,3,0.49385654451541994,0,0
130.26474102163928,0,4.46365958707757,0,0
68.41702266630686,22,31.419105125441146,0,0
116.6042655733141,17,6.939497939883505,0,0
57.06239991288573,12,5.669183750725491,0,0
28.289625375853163,1,6.119351970499989,1,0
170.98236985711958,8,2.3430905925259577,0,0
160.652156396019,20,4.599854525591701,0,0
118.64488197091214,1,4.617390844520374,0,0
31.76536149880321,8,0.5377534073609781,0,0
89.21608797234643,0,14.591559716130497,0,0
44.780997557982204,10,5.387184226637698,0,0
9.605073460665322,2,17.26982839782898,0,0
249.26998435376416,19,18.994426877388573,0,0
14.713044881952003,22,2.382496443540625,0,0
300.04906531227624,3,10.710559234713095,1,1
59.06010127908722,17,6.391928577607432,0,0
